<?xml version="1.0" encoding="UTF-8" standalone="yes"?>
<addon id="service.vstreamupdate" name="Vstreamupdate" version="1.0.0" provider-name="ayuj">
    <requires>
        <import addon="xbmc.python" version="3.0.0"/>
        <import addon="script.module.requests"/>
        <import addon="script.module.statichelper"/>
    </requires>
    <!-- This is needed to get an addon icon -->
    <extension point="xbmc.python.script" library="addon.py">
      <provides>executable</provides>
    </extension>
    <extension point="xbmc.service" library="addon.py"/>
    <extension point="xbmc.addon.metadata">
        <summary lang="en_GB">Apply the personalized updates of vStream</summary>
        <description lang="en_GB">This is a complementary service for personalized updates for vStream.</description>
        
        <summary lang="de_DE">Wendet die personalisierten Updates von vStream an</summary>
        <description lang="de_DE">Dies ist ein ergänzender Dienst für personalisierte Updates für vStream.</description>
        
        <summary lang="it_IT">Applica gli aggiornamenti personalizzati di vStream</summary>
        <description lang="it_IT">Questo è un servizio complementare per aggiornamenti personalizzati per vStream.</description>
        
        <summary lang="el_GR">Εφαρμόζει τις εξατομικευμένες ενημερώσεις του vStream</summary>
        <description lang="el_GR">Αυτή είναι μια συμπληρωματική υπηρεσία για εξατομικευμένες ενημερώσεις του vStream.</description>
        
        <summary lang="sv_SE">Tillämpa de personliga uppdateringarna för vStream</summary>
        <description lang="sv_SE">Detta är en kompletterande tjänst för personliga uppdateringar för vStream.</description>
        
        <summary lang="ru_RU">Применяет персонализированные обновления vStream</summary>
        <description lang="ru_RU">Это дополнительный сервис для персонализированных обновлений vStream.</description>
        
        <summary lang="es_ES">Aplica las actualizaciones personalizadas de vStream</summary>
        <description lang="es_ES">Este es un servicio complementario para actualizaciones personalizadas de vStream.</description>
        
        <summary lang="fr_FR">Applique les mises à jour personnalisées de vStream</summary>
        <description lang="fr_FR">C'est un service complémentaire de mise à jour personnalisé pour vStream.</description>

        <platform>all</platform>
        <license>GPL-2.0-only</license>
        <news>
v1.1.8 (2022-09-13)
- Never ask if Still Watching? if playedInARow is 0
- Still Watching? checks number of plays not number+1

v1.1.7 (2022-09-03)
- Update check for filename of multi-part episodes
- Check for physical disc or disc image being played
- Translation update to Russian
- Fix CI workflow

v1.1.6 (2022-03-07)
- Fix for missing mediatype video info with addon video content
- Translation updates to Croatian, Japanese, Korean, Swedish and Finnish
- New translation for Taiwanese Mandarin
- Use onAVStarted instead of onPlayBackStarted
- Fix for Kodi not using the video player/playlist to play videos
- Fixes misalignment of system.time and endtime

v1.1.5 (2021-02-21)
- Fix playlists to work with non-library content
- Fix to prevent unwanted playback when using playlist queueing method
- New translation for Finnish

v1.1.4 (2020-12-03)
- Fix problem causing pop-up to not appear
- Translation updates to Romanian, Russian and Spanish

v1.1.3 (2020-10-14)
- Enable customPlayTime by default
- Do not seek to the end before playing next episode
- Add Kodi v17 compatibility
- Fix logging on Kodi v19 (Matrix) after recent breakage
- Enqueue the next episode in the playlist
- Translation updates to German
        </news>
        <assets>
            <icon>resources/media/icon.png</icon>
            <fanart>resources/media/fanart.jpg</fanart>
            <screenshot>resources/media/screenshot01.jpg</screenshot>
            <screenshot>resources/media/screenshot02.jpg</screenshot>
            <screenshot>resources/media/upnext-settings.jpg</screenshot>
            <screenshot>resources/media/upnext-developer.jpg</screenshot>
        </assets>
    </extension>
</addon>
