<?xml version="1.0" encoding="UTF-8" standalone="yes"?>
<addon id="repository.vstreamupdate"
       name="vStream Update Repository"
        version="0.0.1"
        provider-name="Ayuj">
    <extension point="xbmc.addon.repository" name="vStream Update XBMC Addon Repository">
    <dir>
        <info compressed="false">https://Ayuzerak.github.io/vupdate/addons.xml</info>
        <checksum>https://Ayuzerak.github.io/vupdate/addons.xml.md5</checksum>
        <datadir zip="true">https://Ayuzerak.github.io/vupdate/service.vstreamupdate</datadir>
    </dir>
   </extension>

    <extension point="xbmc.addon.metadata">
        <summary lang="fr">vStream Update Repository</summary>
        <description lang="fr">Installer vStream Update</description>
        <summary lang="en">vStream Update Repository</summary>
        <description lang="en">Download and install vStream Update</description>
        <platform>all</platform>
    </extension>
</addon>
