<?xml version="1.0" encoding="UTF-8" standalone="yes"?>
<addon id="repository.vstreamupdate"
       name="vStream Update Repository"
        version="1.0.0"
        provider-name="Ayuj">
    <extension point="xbmc.addon.repository" name="vStream Update XBMC Addon Repository">
         <info compressed="false">https://ayuzerak.github.io/vupdate/addons.xml</info>
         <checksum>https://ayuzerak.github.io/vupdate/addons.xml.md5</checksum>
         <datadir zip="true">https://ayuzerak.github.io/vupdate/</datadir> <!-- URL racine -->
    </extension>

    <extension point="xbmc.addon.metadata">
        <summary lang="fr">vStream Update Repository</summary>
        <description lang="fr">Installer vStream Update</description>
        <summary lang="en">vStream Update Repository</summary>
        <description lang="en">Download and install vStream Update</description>
        <platform>all</platform>
    </extension>
</addon>